INSERT INTO ref_object (id, name, description) VALUES
(10, 'стройплощадка 1', 'стройплощадка в Москве'),
(11, 'стройплощадка 2', 'стройплощадка в Санкт-Петербурге'),
(12, 'стройплощадка 3', 'стройплощадка в Туле');

INSERT INTO ref_type_work (id, name) VALUES
(10, 'Строительно-монтажные работы'),
(11, 'Пуско-наладочные работы'),
(12, 'Монтаж оборудования');

INSERT INTO fact_plan (id_object,id_type_work,work_date,sum_plan,sum_fact) VALUES
	 (10,10,'2024-01-15',1000000.00,950000.00),
	 (10,11,'2024-02-01',500000.00,520000.00),
	 (11,10,'2024-01-20',800000.00,750000.00),
	 (10,10,'2025-12-01',100000.00,95000.00),
	 (11,11,'2025-11-01',100000.00,95000.00),
	 (12,12,'2025-11-01',20000.00,19000.00),
	 (12,12,'2025-11-02',20000.00,19000.00),
	 (12,12,'2025-11-03',20000.00,19000.00),
	 (12,12,'2025-11-04',20000.00,19000.00),
	 (12,12,'2025-11-05',20000.00,19000.00);
INSERT INTO fact_plan (id_object,id_type_work,work_date,sum_plan,sum_fact) VALUES
	 (12,12,'2025-11-06',20000.00,19000.00),
	 (12,12,'2025-11-07',20000.00,19000.00),
	 (12,12,'2025-11-08',20000.00,19000.00),
	 (12,12,'2025-11-09',20000.00,19000.00),
	 (12,12,'2025-11-10',20000.00,19000.00),
	 (12,12,'2025-11-11',20000.00,19000.00),
	 (12,12,'2025-11-12',20000.00,19000.00),
	 (12,12,'2025-11-13',20000.00,19000.00),
	 (12,12,'2025-11-14',20000.00,19000.00),
	 (12,12,'2025-11-15',20000.00,19000.00);
INSERT INTO fact_plan (id_object,id_type_work,work_date,sum_plan,sum_fact) VALUES
	 (12,12,'2025-11-16',20000.00,19000.00),
	 (12,12,'2025-11-17',20000.00,19000.00),
	 (12,12,'2025-11-18',20000.00,19000.00),
	 (12,12,'2025-11-19',20000.00,19000.00),
	 (12,12,'2025-11-20',20000.00,19000.00),
	 (12,12,'2025-11-22',20000.00,19000.00),
	 (12,12,'2025-11-23',20000.00,19000.00),
	 (12,12,'2025-11-24',20000.00,19000.00),
	 (12,12,'2025-11-25',20000.00,19000.00),
	 (12,12,'2025-11-26',30000.00,25000.00);
